<?xml version="1.0" encoding="utf-8"?>
<ApplicationInstallerManifest>
   <DefaultInstallationDirectory>/Applications/whitenoise/</DefaultInstallationDirectory>
   <ApplicationName>whitenoise</ApplicationName>
   <ExecutableName>application/whitenoise.exe</ExecutableName>
   <GUID>7b89d5a0-4966-488b-b09e-0e8ff97d95e1</GUID>
   <ApplicationIcon>default_icon_48.png</ApplicationIcon>
   <Logo>default_logo.png</Logo>
   <Version>1.0</Version>
   <WelcomePanelText>whitenoise 1.0

This produces white noise with customizable narrowband filter.

Hee Sung</WelcomePanelText>
   <MCRProducts>
      <MCRProduct>
         <ExternalProductIdentifier>35000</ExternalProductIdentifier>
      </MCRProduct>
      <MCRProduct>
         <ExternalProductIdentifier>35001</ExternalProductIdentifier>
      </MCRProduct>
   </MCRProducts>
</ApplicationInstallerManifest>